Workbook

Sheet Instructions
B2: Competitive Product Benchmarking & Gap Analysis Tool
B3: Product: TrackFlow | Category: Logistics & Supply Chain Visibility SaaS | Competitors: ShipSight, CargoPulse, RouteIQ
B6: How this workbook is organised
B7: 1. Benchmarking_Data - 105 rows (35 features x 3 competitors) with feature-level and pricing scoring formulas (Step 3).
B8: 2. Gap_Analysis - one row per unique feature, aggregating the best competitor score and classifying/prioritising every gap (Step 4).
B10: Color legend used throughout
B11: Blue text = hardcoded input (edit these freely to update the scenario)
B12: Black text = formula referencing cells on the same sheet
B13: Green text = formula pulling data from another sheet (Benchmarking_Data)
B15: Key assumptions (documented here so they're easy to defend in an interview)
B16: - Availability is scored Yes=1, Partial=0.5, No=0, then weighted by Feature Importance to get a Feature Gap Score.
B17: - Opportunity Score = Feature Gap Score x Customer Demand Score. It only exists where a real gap (competitor ahead) exists.
... B24: - Convert the Priority Level column into a Now / Next / Later roadmap (High -> NOW, Medium -> NEXT, Low -> LATER).

Sheet Benchmarking_Data
A1: Benchmark ID | B1: Product Name | C1: Competitor Name | D1: Product Category | E1: Feature Category | F1: Feature Name | G1: Our Product Availability | H1: Competitor Availability | I1: Our Availability Score | J1: Competitor Availability Score | K1: Feature Importance Score | L1: Customer Demand Score | M1: Customer Rating | N1: Competitor Rating | O1: Our Product Price (INR/mo) | P1: Competitor Price (INR/mo) | Q1: Pricing Model | R1: UX Score | S1: Performance Score | T1: Integration Score | U1: Customer Support Score | V1: Mobile App Availability | W1: AI Capability Score | X1: Security Score | Y1: Market Share % | Z1: Feature Gap Score | AA1: Competitive Advantage Score | AB1: Opportunity Score | AC1: Price Competitiveness Index | AD1: Priority Level | AE1: Recommended Action
A2: BM001 | B2: TrackFlow | C2: ShipSight | D2: Logistics & Supply Chain Visibility SaaS | E2: Core Features | F2: Real-Time Shipment Tracking | G2: Yes | H2: Partial | I2: =IF(G2="Yes",1,IF(G2="Partial",0.5,0)) -> 1 | J2: =IF(H2="Yes",1,IF(H2="Partial",0.5,0)) -> 0.5 | K2: 5 | L2: 5 | M2: 4.1 | N2: 4 | O2: 42000 | P2: 58000 | Q2: Subscription - Tiered | R2: 4 | S2: 4 | T2: 4 | U2: 5 | V2: No | W2: 2 | X2: 4 | Y2: 22 | Z2: =(J2-I2)*K2 -> -2.5 | AA2: =IF(Z2<0,ABS(Z2),0) -> 2.5 | AB2: =IF(Z2>0,Z2*L2,0) -> 0 | AC2: =O2/P2 -> 0.72413793 | AD2: =IF(AB2>=15,"High Priority",IF(AB2>=7,"Medium Priority",IF(AB2>0,"Low Priority","Monitor / No Gap"))) -> Monitor / No Gap | AE2: =IF(AD2="High Priority","Build Immediately - Critical Feature Gap",IF(AD2="Medium Priority","Plan for Next Roadmap Cycle",IF(AD2="Low Priority","Monitor & Reassess Quarterly","No Action - Parity or Competitive Advantage"))) -> No Action - Parity or Competitive Advantage
A3: BM002 | B3: TrackFlow | C3: CargoPulse | D3: Logistics & Supply Chain Visibility SaaS | E3: Core Features | F3: Real-Time Shipment Tracking | G3: Yes | H3: Yes | I3: =IF(G3="Yes",1,IF(G3="Partial",0.5,0)) -> 1 | J3: =IF(H3="Yes",1,IF(H3="Partial",0.5,0)) -> 1 | K3: 5 | L3: 5 | M3: 4.1 | N3: 4.2 | O3: 42000 | P3: 32000 | Q3: Per-Shipment Volume-Based | R3: 4 | S3: 4 | T3: 4 | U3: 5 | V3: No | W3: 2 | X3: 4 | Y3: 15 | Z3: =(J3-I3)*K3 -> 0 | AA3: =IF(Z3<0,ABS(Z3),0) -> 0 | AB3: =IF(Z3>0,Z3*L3,0) -> 0 | AC3: =O3/P3 -> 1.3125 | AD3: =IF(AB3>=15,"High Priority",IF(AB3>=7,"Medium Priority",IF(AB3>0,"Low Priority","Monitor / No Gap"))) -> Monitor / No Gap | AE3: =IF(AD3="High Priority","Build Immediately - Critical Feature Gap",IF(AD3="Medium Priority","Plan for Next Roadmap Cycle",IF(AD3="Low Priority","Monitor & Reassess Quarterly","No Action - Parity or Competitive Advantage"))) -> No Action - Parity or Competitive Advantage
A4: BM003 | B4: TrackFlow | C4: RouteIQ | D4: Logistics & Supply Chain Visibility SaaS | E4: Core Features | F4: Real-Time Shipment Tracking | G4: Yes | H4: No | I4: =IF(G4="Yes",1,IF(G4="Partial",0.5,0)) -> 1 | J4: =IF(H4="Yes",1,IF(H4="Partial",0.5,0)) -> 0 | K4: 5 | L4: 5 | M4: 4.1 | N4: 3.4 | O4: 42000 | P4: 47000 | Q4: Custom Enterprise Quote | R4: 4 | S4: 4 | T4: 4 | U4: 5 | V4: No | W4: 2 | X4: 4 | Y4: 18 | Z4: =(J4-I4)*K4 -> -5 | AA4: =IF(Z4<0,ABS(Z4),0) -> 5 | AB4: =IF(Z4>0,Z4*L4,0) -> 0 | AC4: =O4/P4 -> 0.89361702 | AD4: =IF(AB4>=15,"High Priority",IF(AB4>=7,"Medium Priority",IF(AB4>0,"Low Priority","Monitor / No Gap"))) -> Monitor / No Gap | AE4: =IF(AD4="High Priority","Build Immediately - Critical Feature Gap",IF(AD4="Medium Priority","Plan for Next Roadmap Cycle",IF(AD4="Low Priority","Monitor & Reassess Quarterly","No Action - Parity or Competitive Advantage"))) -> No Action - Parity or Competitive Advantage
A5: BM004 | B5: TrackFlow | C5: ShipSight | D5: Logistics & Supply Chain Visibility SaaS | E5: Core Features | F5: Multi-Carrier Integration | G5: Yes | H5: Yes | I5: =IF(G5="Yes",1,IF(G5="Partial",0.5,0)) -> 1 | J5: =IF(H5="Yes",1,IF(H5="Partial",0.5,0)) -> 1 | K5: 5 | L5: 4 | M5: 4.1 | N5: 4.5 | O5: 42000 | P5: 58000 | Q5: Subscription - Tiered | R5: 4 | S5: 4 | T5: 4 | U5: 5 | V5: No | W5: 2 | X5: 4 | Y5: 22 | Z5: =(J5-I5)*K5 -> 0 | AA5: =IF(Z5<0,ABS(Z5),0) -> 0 | AB5: =IF(Z5>0,Z5*L5,0) -> 0 | AC5: =O5/P5 -> 0.72413793 | AD5: =IF(AB5>=15,"High Priority",IF(AB5>=7,"Medium Priority",IF(AB5>0,"Low Priority","Monitor / No Gap"))) -> Monitor / No Gap | AE5: =IF(AD5="High Priority","Build Immediately - Critical Feature Gap",IF(AD5="Medium Priority","Plan for Next Roadmap Cycle",IF(AD5="Low Priority","Monitor & Reassess Quarterly","No Action - Parity or Competitive Advantage"))) -> No Action - Parity or Competitive Advantage
A6: BM005 | B6: TrackFlow | C6: CargoPulse | D6: Logistics & Supply Chain Visibility SaaS | E6: Core Features | F6: Multi-Carrier Integration | G6: Yes | H6: Yes | I6: =IF(G6="Yes",1,IF(G6="Partial",0.5,0)) -> 1 | J6: =IF(H6="Yes",1,IF(H6="Partial",0.5,0)) -> 1 | K6: 5 | L6: 4 | M6: 4.1 | N6: 4 | O6: 42000 | P6: 32000 | Q6: Per-Shipment Volume-Based | R6: 4 | S6: 4 | T6: 4 | U6: 5 | V6: No | W6: 2 | X6: 4 | Y6: 15 | Z6: =(J6-I6)*K6 -> 0 | AA6: =IF(Z6<0,ABS(Z6),0) -> 0 | AB6: =IF(Z6>0,Z6*L6,0) -> 0 | AC6: =O6/P6 -> 1.3125 | AD6: =IF(AB6>=15,"High Priority",IF(AB6>=7,"Medium Priority",IF(AB6>0,"Low Priority","Monitor / No Gap"))) -> Monitor / No Gap | AE6: =IF(AD6="High Priority","Build Immediately - Critical Feature Gap",IF(AD6="Medium Priority","Plan for Next Roadmap Cycle",IF(AD6="Low Priority","Monitor & Reassess Quarterly","No Action - Parity or Competitive Advantage"))) -> No Action - Parity or Competitive Advantage
A7: BM006 | B7: TrackFlow | C7: RouteIQ | D7: Logistics & Supply Chain Visibility SaaS | E7: Core Features | F7: Multi-Carrier Integration | G7: Yes | H7: Yes | I7: =IF(G7="Yes",1,IF(G7="Partial",0.5,0)) -> 1 | J7: =IF(H7="Yes",1,IF(H7="Partial",0.5,0)) -> 1 | K7: 5 | L7: 4 | M7: 4.1 | N7: 4.2 | O7: 42000 | P7: 47000 | Q7: Custom Enterprise Quote | R7: 4 | S7: 4 | T7: 4 | U7: 5 | V7: No | W7: 2 | X7: 4 | Y7: 18 | Z7: =(J7-I7)*K7 -> 0 | AA7: =IF(Z7<0,ABS(Z7),0) -> 0 | AB7: =IF(Z7>0,Z7*L7,0) -> 0 | AC7: =O7/P7 -> 0.89361702 | AD7: =IF(AB7>=15,"High Priority",IF(AB7>=7,"Medium Priority",IF(AB7>0,"Low Priority","Monitor / No Gap"))) -> Monitor / No Gap | AE7: =IF(AD7="High Priority","Build Immediately - Critical Feature Gap",IF(AD7="Medium Priority","Plan for Next Roadmap Cycle",IF(AD7="Low Priority","Monitor & Reassess Quarterly","No Action - Parity or Competitive Advantage"))) -> No Action - Parity or Competitive Advantage
A8: BM007 | B8: TrackFlow | C8: ShipSight | D8: Logistics & Supply Chain Visibility SaaS | E8: Core Features | F8: TAT (Turnaround Time) Monitoring | G8: Yes | H8: No | I8: =IF(G8="Yes",1,IF(G8="Partial",0.5,0)) -> 1 | J8: =IF(H8="Yes",1,IF(H8="Partial",0.5,0)) -> 0 | K8: 5 | L8: 5 | M8: 4.2 | N8: 3.7 | O8: 42000 | P8: 58000 | Q8: Subscription - Tiered | R8: 4 | S8: 4 | T8: 4 | U8: 5 | V8: No | W8: 2 | X8: 4 | Y8: 22 | Z8: =(J8-I8)*K8 -> -5 | AA8: =IF(Z8<0,ABS(Z8),0) -> 5 | AB8: =IF(Z8>0,Z8*L8,0) -> 0 | AC8: =O8/P8 -> 0.72413793 | AD8: =IF(AB8>=15,"High Priority",IF(AB8>=7,"Medium Priority",IF(AB8>0,"Low Priority","Monitor / No Gap"))) -> Monitor / No Gap | AE8: =IF(AD8="High Priority","Build Immediately - Critical Feature Gap",IF(AD8="Medium Priority","Plan for Next Roadmap Cycle",IF(AD8="Low Priority","Monitor & Reassess Quarterly","No Action - Parity or Competitive Advantage"))) -> No Action - Parity or Competitive Advantage
A9: BM008 | B9: TrackFlow | C9: CargoPulse | D9: Logistics & Supply Chain Visibility SaaS | E9: Core Features | F9: TAT (Turnaround Time) Monitoring | G9: Yes | H9: Partial | I9: =IF(G9="Yes",1,IF(G9="Partial",0.5,0)) -> 1 | J9: =IF(H9="Yes",1,IF(H9="Partial",0.5,0)) -> 0.5 | K9: 5 | L9: 5 | M9: 4 | N9: 3.6 | O9: 42000 | P9: 32000 | Q9: Per-Shipment Volume-Based | R9: 4 | S9: 4 | T9: 4 | U9: 5 | V9: No | W9: 2 | X9: 4 | Y9: 15 | Z9: =(J9-I9)*K9 -> -2.5 | AA9: =IF(Z9<0,ABS(Z9),0) -> 2.5 | AB9: =IF(Z9>0,Z9*L9,0) -> 0 | AC9: =O9/P9 -> 1.3125 | AD9: =IF(AB9>=15,"High Priority",IF(AB9>=7,"Medium Priority",IF(AB9>0,"Low Priority","Monitor / No Gap"))) -> Monitor / No Gap | AE9: =IF(AD9="High Priority","Build Immediately - Critical Feature Gap",IF(AD9="Medium Priority","Plan for Next Roadmap Cycle",IF(AD9="Low Priority","Monitor & Reassess Quarterly","No Action - Parity or Competitive Advantage"))) -> No Action - Parity or Competitive Advantage
A10: BM009 | B10: TrackFlow | C10: RouteIQ | D10: Logistics & Supply Chain Visibility SaaS | E10: Core Features | F10: TAT (Turnaround Time) Monitoring | G10: Yes | H10: No | I10: =IF(G10="Yes",1,IF(G10="Partial",0.5,0)) -> 1 | J10: =IF(H10="Yes",1,IF(H10="Partial",0.5,0)) -> 0 | K10: 5 | L10: 5 | M10: 4 | N10: 3.5 | O10: 42000 | P10: 47000 | Q10: Custom Enterprise Quote | R10: 4 | S10: 4 | T10: 4 | U10: 5 | V10: No | W10: 2 | X10: 4 | Y10: 18 | Z10: =(J10-I10)*K10 -> -5 | AA10: =IF(Z10<0,ABS(Z10),0) -> 5 | AB10: =IF(Z10>0,Z10*L10,0) -> 0 | AC10: =O10/P10 -> 0.89361702 | AD10: =IF(AB10>=15,"High Priority",IF(AB10>=7,"Medium Priority",IF(AB10>0,"Low Priority","Monitor / No Gap"))) -> Monitor / No Gap | AE10: =IF(AD10="High Priority","Build Immediately - Critical Feature Gap",IF(AD10="Medium Priority","Plan for Next Roadmap Cycle",IF(AD10="Low Priority","Monitor & Reassess Quarterly","No Action - Parity or Competitive Advantage"))) -> No Action - Parity or Competitive Advantage
A11: BM010 | B11: TrackFlow | C11: ShipSight | D11: Logistics & Supply Chain Visibility SaaS | E11: Core Features | F11: Exception Management & Alerts | G11: Yes | H11: Yes | I11: =IF(G11="Yes",1,IF(G11="Partial",0.5,0)) -> 1 | J11: =IF(H11="Yes",1,IF(H11="Partial",0.5,0)) -> 1 | K11: 5 | L11: 5 | M11: 4.1 | N11: 4.7 | O11: 42000 | P11: 58000 | Q11: Subscription - Tiered | R11: 4 | S11: 4 | T11: 4 | U11: 5 | V11: No | W11: 2 | X11: 4 | Y11: 22 | Z11: =(J11-I11)*K11 -> 0 | AA11: =IF(Z11<0,ABS(Z11),0) -> 0 | AB11: =IF(Z11>0,Z11*L11,0) -> 0 | AC11: =O11/P11 -> 0.72413793 | AD11: =IF(AB11>=15,"High Priority",IF(AB11>=7,"Medium Priority",IF(AB11>0,"Low Priority","Monitor / No Gap"))) -> Monitor / No Gap | AE11: =IF(AD11="High Priority","Build Immediately - Critical Feature Gap",IF(AD11="Medium Priority","Plan for Next Roadmap Cycle",IF(AD11="Low Priority","Monitor & Reassess Quarterly","No Action - Parity or Competitive Advantage"))) -> No Action - Parity or Competitive Advantage
A12: BM011 | B12: TrackFlow | C12: CargoPulse | D12: Logistics & Supply Chain Visibility SaaS | E12: Core Features | F12: Exception Management & Alerts | G12: Yes | H12: Partial | I12: =IF(G12="Yes",1,IF(G12="Partial",0.5,0)) -> 1 | J12: =IF(H12="Yes",1,IF(H12="Partial",0.5,0)) -> 0.5 | K12: 5 | L12: 5 | M12: 4.1 | N12: 3.8 | O12: 42000 | P12: 32000 | Q12: Per-Shipment Volume-Based | R12: 4 | S12: 4 | T12: 4 | U12: 5 | V12: No | W12: 2 | X12: 4 | Y12: 15 | Z12: =(J12-I12)*K12 -> -2.5 | AA12: =IF(Z12<0,ABS(Z12),0) -> 2.5 | AB12: =IF(Z12>0,Z12*L12,0) -> 0 | AC12: =O12/P12 -> 1.3125 | AD12: =IF(AB12>=15,"High Priority",IF(AB12>=7,"Medium Priority",IF(AB12>0,"Low Priority","Monitor / No Gap"))) -> Monitor / No Gap | AE12: =IF(AD12="High Priority","Build Immediately - Critical Feature Gap",IF(AD12="Medium Priority","Plan for Next Roadmap Cycle",IF(AD12="Low Priority","Monitor & Reassess Quarterly","No Action - Parity or Competitive Advantage"))) -> No Action - Parity or Competitive Advantage
A13: BM012 | B13: TrackFlow | C13: RouteIQ | D13: Logistics & Supply Chain Visibility SaaS | E13: Core Features | F13: Exception Management & Alerts | G13: Yes | H13: No | I13: =IF(G13="Yes",1,IF(G13="Partial",0.5,0)) -> 1 | J13: =IF(H13="Yes",1,IF(H13="Partial",0.5,0)) -> 0 | K13: 5 | L13: 5 | M13: 4.1 | N13: 3.6 | O13: 42000 | P13: 47000 | Q13: Custom Enterprise Quote | R13: 4 | S13: 4 | T13: 4 | U13: 5 | V13: No | W13: 2 | X13: 4 | Y13: 18 | Z13: =(J13-I13)*K13 -> -5 | AA13: =IF(Z13<0,ABS(Z13),0) -> 5 | AB13: =IF(Z13>0,Z13*L13,0) -> 0 | AC13: =O13/P13 -> 0.89361702 | AD13: =IF(AB13>=15,"High Priority",IF(AB13>=7,"Medium Priority",IF(AB13>0,"Low Priority","Monitor / No Gap"))) -> Monitor / No Gap | AE13: =IF(AD13="High Priority","Build Immediately - Critical Feature Gap",IF(AD13="Medium Priority","Plan for Next Roadmap Cycle",IF(AD13="Low Priority","Monitor & Reassess Quarterly","No Action - Parity or Competitive Advantage"))) -> No Action - Parity or Competitive Advantage
... A106: BM105 | B106: TrackFlow | C106: RouteIQ | D106: Logistics & Supply Chain Visibility SaaS | E106: Customization | F106: Custom Dashboard Builder | G106: Partial | H106: Yes | I106: =IF(G106="Yes",1,IF(G106="Partial",0.5,0)) -> 0.5 | J106: =IF(H106="Yes",1,IF(H106="Partial",0.5,0)) -> 1 | K106: 3 | L106: 3 | M106: 4.2 | N106: 4.1 | O106: 42000 | P106: 47000 | Q106: Custom Enterprise Quote | R106: 4 | S106: 4 | T106: 4 | U106: 5 | V106: No | W106: 2 | X106: 4 | Y106: 18 | Z106: =(J106-I106)*K106 -> 1.5 | AA106: =IF(Z106<0,ABS(Z106),0) -> 0 | AB106: =IF(Z106>0,Z106*L106,0) -> 4.5 | AC106: =O106/P106 -> 0.89361702 | AD106: =IF(AB106>=15,"High Priority",IF(AB106>=7,"Medium Priority",IF(AB106>0,"Low Priority","Monitor / No Gap"))) -> Low Priority | AE106: =IF(AD106="High Priority","Build Immediately - Critical Feature Gap",IF(AD106="Medium Priority","Plan for Next Roadmap Cycle",IF(AD106="Low Priority","Monitor & Reassess Quarterly","No Action - Parity or Competitive Advantage"))) -> Monitor & Reassess Quarterly

Sheet Gap_Analysis
A1: Feature Name | B1: Feature Category | C1: Our Availability Score | D1: Best Competitor Availability Score | E1: Feature Importance | F1: Customer Demand Score | G1: Gap Status | H1: Weighted Gap Size | I1: Gap Type Classification | J1: Opportunity Score | K1: Priority Level | L1: Recommended Action | N1: Summary Metrics
A2: Real-Time Shipment Tracking | B2: =INDEX(Benchmarking_Data!E:E,MATCH(A2,Benchmarking_Data!F:F,0)) -> Core Features | C2: =INDEX(Benchmarking_Data!I:I,MATCH(A2,Benchmarking_Data!F:F,0)) -> 1 | D2: =_xlfn.MAXIFS(Benchmarking_Data!J:J,Benchmarking_Data!F:F,A2) -> 1 | E2: =INDEX(Benchmarking_Data!K:K,MATCH(A2,Benchmarking_Data!F:F,0)) -> 5 | F2: =INDEX(Benchmarking_Data!L:L,MATCH(A2,Benchmarking_Data!F:F,0)) -> 5 | G2: =IF(D2>C2,"Gap","No Gap") -> No Gap | H2: =(D2-C2)*E2 -> 0 | I2: =IF(G2="No Gap","Not Applicable",IF(B2="Core Features","Critical Gap",IF(B2="Advanced Features","Strategic Gap",IF(B2="AI Features","Innovation Gap",IF(B2="Integrations","Integration Gap",IF(B2="Mobile Experience","Customer Experience Gap",IF(B2="Security","Technology Gap",IF(B2="Automation","Technology Gap",IF(B2="Reporting & Analytics","Strategic Gap",IF(B2="Collaboration","Customer Experience Gap","Low-Priority Gap")))))))))) -> Not Applicable | J2: =IF(H2>0,H2*F2,0) -> 0 | K2: =IF(G2="No Gap","Monitor / Maintain Lead",IF(J2>=15,"High Priority",IF(J2>=7,"Medium Priority","Low Priority"))) -> Monitor / Maintain Lead | L2: =IF(K2="High Priority","Build Immediately - Critical Gap (NOW)",IF(K2="Medium Priority","Add to Next Roadmap Cycle (NEXT)",IF(K2="Low Priority","Monitor & Reassess Quarterly (LATER)","Maintain Current Position - Competitive Parity/Advantage"))) -> Maintain Current Position - Competitive Parity/Advantage | N2: Total Features Analyzed | O2: =COUNTA(A2:A36) -> 35
A3: Multi-Carrier Integration | B3: =INDEX(Benchmarking_Data!E:E,MATCH(A3,Benchmarking_Data!F:F,0)) -> Core Features | C3: =INDEX(Benchmarking_Data!I:I,MATCH(A3,Benchmarking_Data!F:F,0)) -> 1 | D3: =_xlfn.MAXIFS(Benchmarking_Data!J:J,Benchmarking_Data!F:F,A3) -> 1 | E3: =INDEX(Benchmarking_Data!K:K,MATCH(A3,Benchmarking_Data!F:F,0)) -> 5 | F3: =INDEX(Benchmarking_Data!L:L,MATCH(A3,Benchmarking_Data!F:F,0)) -> 4 | G3: =IF(D3>C3,"Gap","No Gap") -> No Gap | H3: =(D3-C3)*E3 -> 0 | I3: =IF(G3="No Gap","Not Applicable",IF(B3="Core Features","Critical Gap",IF(B3="Advanced Features","Strategic Gap",IF(B3="AI Features","Innovation Gap",IF(B3="Integrations","Integration Gap",IF(B3="Mobile Experience","Customer Experience Gap",IF(B3="Security","Technology Gap",IF(B3="Automation","Technology Gap",IF(B3="Reporting & Analytics","Strategic Gap",IF(B3="Collaboration","Customer Experience Gap","Low-Priority Gap")))))))))) -> Not Applicable | J3: =IF(H3>0,H3*F3,0) -> 0 | K3: =IF(G3="No Gap","Monitor / Maintain Lead",IF(J3>=15,"High Priority",IF(J3>=7,"Medium Priority","Low Priority"))) -> Monitor / Maintain Lead | L3: =IF(K3="High Priority","Build Immediately - Critical Gap (NOW)",IF(K3="Medium Priority","Add to Next Roadmap Cycle (NEXT)",IF(K3="Low Priority","Monitor & Reassess Quarterly (LATER)","Maintain Current Position - Competitive Parity/Advantage"))) -> Maintain Current Position - Competitive Parity/Advantage | N3: High Priority Gaps | O3: =COUNTIF(K2:K36,"High Priority") -> 3
A4: TAT (Turnaround Time) Monitoring | B4: =INDEX(Benchmarking_Data!E:E,MATCH(A4,Benchmarking_Data!F:F,0)) -> Core Features | C4: =INDEX(Benchmarking_Data!I:I,MATCH(A4,Benchmarking_Data!F:F,0)) -> 1 | D4: =_xlfn.MAXIFS(Benchmarking_Data!J:J,Benchmarking_Data!F:F,A4) -> 0.5 | E4: =INDEX(Benchmarking_Data!K:K,MATCH(A4,Benchmarking_Data!F:F,0)) -> 5 | F4: =INDEX(Benchmarking_Data!L:L,MATCH(A4,Benchmarking_Data!F:F,0)) -> 5 | G4: =IF(D4>C4,"Gap","No Gap") -> No Gap | H4: =(D4-C4)*E4 -> -2.5 | I4: =IF(G4="No Gap","Not Applicable",IF(B4="Core Features","Critical Gap",IF(B4="Advanced Features","Strategic Gap",IF(B4="AI Features","Innovation Gap",IF(B4="Integrations","Integration Gap",IF(B4="Mobile Experience","Customer Experience Gap",IF(B4="Security","Technology Gap",IF(B4="Automation","Technology Gap",IF(B4="Reporting & Analytics","Strategic Gap",IF(B4="Collaboration","Customer Experience Gap","Low-Priority Gap")))))))))) -> Not Applicable | J4: =IF(H4>0,H4*F4,0) -> 0 | K4: =IF(G4="No Gap","Monitor / Maintain Lead",IF(J4>=15,"High Priority",IF(J4>=7,"Medium Priority","Low Priority"))) -> Monitor / Maintain Lead | L4: =IF(K4="High Priority","Build Immediately - Critical Gap (NOW)",IF(K4="Medium Priority","Add to Next Roadmap Cycle (NEXT)",IF(K4="Low Priority","Monitor & Reassess Quarterly (LATER)","Maintain Current Position - Competitive Parity/Advantage"))) -> Maintain Current Position - Competitive Parity/Advantage | N4: Medium Priority Gaps | O4: =COUNTIF(K2:K36,"Medium Priority") -> 6
A5: Exception Management & Alerts | B5: =INDEX(Benchmarking_Data!E:E,MATCH(A5,Benchmarking_Data!F:F,0)) -> Core Features | C5: =INDEX(Benchmarking_Data!I:I,MATCH(A5,Benchmarking_Data!F:F,0)) -> 1 | D5: =_xlfn.MAXIFS(Benchmarking_Data!J:J,Benchmarking_Data!F:F,A5) -> 1 | E5: =INDEX(Benchmarking_Data!K:K,MATCH(A5,Benchmarking_Data!F:F,0)) -> 5 | F5: =INDEX(Benchmarking_Data!L:L,MATCH(A5,Benchmarking_Data!F:F,0)) -> 5 | G5: =IF(D5>C5,"Gap","No Gap") -> No Gap | H5: =(D5-C5)*E5 -> 0 | I5: =IF(G5="No Gap","Not Applicable",IF(B5="Core Features","Critical Gap",IF(B5="Advanced Features","Strategic Gap",IF(B5="AI Features","Innovation Gap",IF(B5="Integrations","Integration Gap",IF(B5="Mobile Experience","Customer Experience Gap",IF(B5="Security","Technology Gap",IF(B5="Automation","Technology Gap",IF(B5="Reporting & Analytics","Strategic Gap",IF(B5="Collaboration","Customer Experience Gap","Low-Priority Gap")))))))))) -> Not Applicable | J5: =IF(H5>0,H5*F5,0) -> 0 | K5: =IF(G5="No Gap","Monitor / Maintain Lead",IF(J5>=15,"High Priority",IF(J5>=7,"Medium Priority","Low Priority"))) -> Monitor / Maintain Lead | L5: =IF(K5="High Priority","Build Immediately - Critical Gap (NOW)",IF(K5="Medium Priority","Add to Next Roadmap Cycle (NEXT)",IF(K5="Low Priority","Monitor & Reassess Quarterly (LATER)","Maintain Current Position - Competitive Parity/Advantage"))) -> Maintain Current Position - Competitive Parity/Advantage | N5: Low Priority Gaps | O5: =COUNTIF(K2:K36,"Low Priority") -> 9
A6: Order Status Dashboard | B6: =INDEX(Benchmarking_Data!E:E,MATCH(A6,Benchmarking_Data!F:F,0)) -> Core Features | C6: =INDEX(Benchmarking_Data!I:I,MATCH(A6,Benchmarking_Data!F:F,0)) -> 1 | D6: =_xlfn.MAXIFS(Benchmarking_Data!J:J,Benchmarking_Data!F:F,A6) -> 1 | E6: =INDEX(Benchmarking_Data!K:K,MATCH(A6,Benchmarking_Data!F:F,0)) -> 4 | F6: =INDEX(Benchmarking_Data!L:L,MATCH(A6,Benchmarking_Data!F:F,0)) -> 4 | G6: =IF(D6>C6,"Gap","No Gap") -> No Gap | H6: =(D6-C6)*E6 -> 0 | I6: =IF(G6="No Gap","Not Applicable",IF(B6="Core Features","Critical Gap",IF(B6="Advanced Features","Strategic Gap",IF(B6="AI Features","Innovation Gap",IF(B6="Integrations","Integration Gap",IF(B6="Mobile Experience","Customer Experience Gap",IF(B6="Security","Technology Gap",IF(B6="Automation","Technology Gap",IF(B6="Reporting & Analytics","Strategic Gap",IF(B6="Collaboration","Customer Experience Gap","Low-Priority Gap")))))))))) -> Not Applicable | J6: =IF(H6>0,H6*F6,0) -> 0 | K6: =IF(G6="No Gap","Monitor / Maintain Lead",IF(J6>=15,"High Priority",IF(J6>=7,"Medium Priority","Low Priority"))) -> Monitor / Maintain Lead | L6: =IF(K6="High Priority","Build Immediately - Critical Gap (NOW)",IF(K6="Medium Priority","Add to Next Roadmap Cycle (NEXT)",IF(K6="Low Priority","Monitor & Reassess Quarterly (LATER)","Maintain Current Position - Competitive Parity/Advantage"))) -> Maintain Current Position - Competitive Parity/Advantage | N6: Competitive Advantages (No Gap) | O6: =COUNTIF(G2:G36,"No Gap") -> 17
A7: Proof of Delivery (POD) Capture | B7: =INDEX(Benchmarking_Data!E:E,MATCH(A7,Benchmarking_Data!F:F,0)) -> Core Features | C7: =INDEX(Benchmarking_Data!I:I,MATCH(A7,Benchmarking_Data!F:F,0)) -> 0.5 | D7: =_xlfn.MAXIFS(Benchmarking_Data!J:J,Benchmarking_Data!F:F,A7) -> 1 | E7: =INDEX(Benchmarking_Data!K:K,MATCH(A7,Benchmarking_Data!F:F,0)) -> 4 | F7: =INDEX(Benchmarking_Data!L:L,MATCH(A7,Benchmarking_Data!F:F,0)) -> 3 | G7: =IF(D7>C7,"Gap","No Gap") -> Gap | H7: =(D7-C7)*E7 -> 2 | I7: =IF(G7="No Gap","Not Applicable",IF(B7="Core Features","Critical Gap",IF(B7="Advanced Features","Strategic Gap",IF(B7="AI Features","Innovation Gap",IF(B7="Integrations","Integration Gap",IF(B7="Mobile Experience","Customer Experience Gap",IF(B7="Security","Technology Gap",IF(B7="Automation","Technology Gap",IF(B7="Reporting & Analytics","Strategic Gap",IF(B7="Collaboration","Customer Experience Gap","Low-Priority Gap")))))))))) -> Critical Gap | J7: =IF(H7>0,H7*F7,0) -> 6 | K7: =IF(G7="No Gap","Monitor / Maintain Lead",IF(J7>=15,"High Priority",IF(J7>=7,"Medium Priority","Low Priority"))) -> Low Priority | L7: =IF(K7="High Priority","Build Immediately - Critical Gap (NOW)",IF(K7="Medium Priority","Add to Next Roadmap Cycle (NEXT)",IF(K7="Low Priority","Monitor & Reassess Quarterly (LATER)","Maintain Current Position - Competitive Parity/Advantage"))) -> Monitor & Reassess Quarterly (LATER) | N7: Overall Feature Coverage % | O7: =AVERAGE(C2:C36) -> 0.62857143
A8: Freight Rate Comparison Engine | B8: =INDEX(Benchmarking_Data!E:E,MATCH(A8,Benchmarking_Data!F:F,0)) -> Core Features | C8: =INDEX(Benchmarking_Data!I:I,MATCH(A8,Benchmarking_Data!F:F,0)) -> 0 | D8: =_xlfn.MAXIFS(Benchmarking_Data!J:J,Benchmarking_Data!F:F,A8) -> 0.5 | E8: =INDEX(Benchmarking_Data!K:K,MATCH(A8,Benchmarking_Data!F:F,0)) -> 3 | F8: =INDEX(Benchmarking_Data!L:L,MATCH(A8,Benchmarking_Data!F:F,0)) -> 3 | G8: =IF(D8>C8,"Gap","No Gap") -> Gap | H8: =(D8-C8)*E8 -> 1.5 | I8: =IF(G8="No Gap","Not Applicable",IF(B8="Core Features","Critical Gap",IF(B8="Advanced Features","Strategic Gap",IF(B8="AI Features","Innovation Gap",IF(B8="Integrations","Integration Gap",IF(B8="Mobile Experience","Customer Experience Gap",IF(B8="Security","Technology Gap",IF(B8="Automation","Technology Gap",IF(B8="Reporting & Analytics","Strategic Gap",IF(B8="Collaboration","Customer Experience Gap","Low-Priority Gap")))))))))) -> Critical Gap | J8: =IF(H8>0,H8*F8,0) -> 4.5 | K8: =IF(G8="No Gap","Monitor / Maintain Lead",IF(J8>=15,"High Priority",IF(J8>=7,"Medium Priority","Low Priority"))) -> Low Priority | L8: =IF(K8="High Priority","Build Immediately - Critical Gap (NOW)",IF(K8="Medium Priority","Add to Next Roadmap Cycle (NEXT)",IF(K8="Low Priority","Monitor & Reassess Quarterly (LATER)","Maintain Current Position - Competitive Parity/Advantage"))) -> Monitor & Reassess Quarterly (LATER)
A9: Shipment Milestone Notifications | B9: =INDEX(Benchmarking_Data!E:E,MATCH(A9,Benchmarking_Data!F:F,0)) -> Core Features | C9: =INDEX(Benchmarking_Data!I:I,MATCH(A9,Benchmarking_Data!F:F,0)) -> 1 | D9: =_xlfn.MAXIFS(Benchmarking_Data!J:J,Benchmarking_Data!F:F,A9) -> 1 | E9: =INDEX(Benchmarking_Data!K:K,MATCH(A9,Benchmarking_Data!F:F,0)) -> 4 | F9: =INDEX(Benchmarking_Data!L:L,MATCH(A9,Benchmarking_Data!F:F,0)) -> 4 | G9: =IF(D9>C9,"Gap","No Gap") -> No Gap | H9: =(D9-C9)*E9 -> 0 | I9: =IF(G9="No Gap","Not Applicable",IF(B9="Core Features","Critical Gap",IF(B9="Advanced Features","Strategic Gap",IF(B9="AI Features","Innovation Gap",IF(B9="Integrations","Integration Gap",IF(B9="Mobile Experience","Customer Experience Gap",IF(B9="Security","Technology Gap",IF(B9="Automation","Technology Gap",IF(B9="Reporting & Analytics","Strategic Gap",IF(B9="Collaboration","Customer Experience Gap","Low-Priority Gap")))))))))) -> Not Applicable | J9: =IF(H9>0,H9*F9,0) -> 0 | K9: =IF(G9="No Gap","Monitor / Maintain Lead",IF(J9>=15,"High Priority",IF(J9>=7,"Medium Priority","Low Priority"))) -> Monitor / Maintain Lead | L9: =IF(K9="High Priority","Build Immediately - Critical Gap (NOW)",IF(K9="Medium Priority","Add to Next Roadmap Cycle (NEXT)",IF(K9="Low Priority","Monitor & Reassess Quarterly (LATER)","Maintain Current Position - Competitive Parity/Advantage"))) -> Maintain Current Position - Competitive Parity/Advantage
A10: Predictive ETA Calculation | B10: =INDEX(Benchmarking_Data!E:E,MATCH(A10,Benchmarking_Data!F:F,0)) -> Advanced Features | C10: =INDEX(Benchmarking_Data!I:I,MATCH(A10,Benchmarking_Data!F:F,0)) -> 0.5 | D10: =_xlfn.MAXIFS(Benchmarking_Data!J:J,Benchmarking_Data!F:F,A10) -> 1 | E10: =INDEX(Benchmarking_Data!K:K,MATCH(A10,Benchmarking_Data!F:F,0)) -> 5 | F10: =INDEX(Benchmarking_Data!L:L,MATCH(A10,Benchmarking_Data!F:F,0)) -> 5 | G10: =IF(D10>C10,"Gap","No Gap") -> Gap | H10: =(D10-C10)*E10 -> 2.5 | I10: =IF(G10="No Gap","Not Applicable",IF(B10="Core Features","Critical Gap",IF(B10="Advanced Features","Strategic Gap",IF(B10="AI Features","Innovation Gap",IF(B10="Integrations","Integration Gap",IF(B10="Mobile Experience","Customer Experience Gap",IF(B10="Security","Technology Gap",IF(B10="Automation","Technology Gap",IF(B10="Reporting & Analytics","Strategic Gap",IF(B10="Collaboration","Customer Experience Gap","Low-Priority Gap")))))))))) -> Strategic Gap | J10: =IF(H10>0,H10*F10,0) -> 12.5 | K10: =IF(G10="No Gap","Monitor / Maintain Lead",IF(J10>=15,"High Priority",IF(J10>=7,"Medium Priority","Low Priority"))) -> Medium Priority | L10: =IF(K10="High Priority","Build Immediately - Critical Gap (NOW)",IF(K10="Medium Priority","Add to Next Roadmap Cycle (NEXT)",IF(K10="Low Priority","Monitor & Reassess Quarterly (LATER)","Maintain Current Position - Competitive Parity/Advantage"))) -> Add to Next Roadmap Cycle (NEXT)
A11: Automated SOP Trigger Workflows | B11: =INDEX(Benchmarking_Data!E:E,MATCH(A11,Benchmarking_Data!F:F,0)) -> Advanced Features | C11: =INDEX(Benchmarking_Data!I:I,MATCH(A11,Benchmarking_Data!F:F,0)) -> 1 | D11: =_xlfn.MAXIFS(Benchmarking_Data!J:J,Benchmarking_Data!F:F,A11) -> 1 | E11: =INDEX(Benchmarking_Data!K:K,MATCH(A11,Benchmarking_Data!F:F,0)) -> 4 | F11: =INDEX(Benchmarking_Data!L:L,MATCH(A11,Benchmarking_Data!F:F,0)) -> 4 | G11: =IF(D11>C11,"Gap","No Gap") -> No Gap | H11: =(D11-C11)*E11 -> 0 | I11: =IF(G11="No Gap","Not Applicable",IF(B11="Core Features","Critical Gap",IF(B11="Advanced Features","Strategic Gap",IF(B11="AI Features","Innovation Gap",IF(B11="Integrations","Integration Gap",IF(B11="Mobile Experience","Customer Experience Gap",IF(B11="Security","Technology Gap",IF(B11="Automation","Technology Gap",IF(B11="Reporting & Analytics","Strategic Gap",IF(B11="Collaboration","Customer Experience Gap","Low-Priority Gap")))))))))) -> Not Applicable | J11: =IF(H11>0,H11*F11,0) -> 0 | K11: =IF(G11="No Gap","Monitor / Maintain Lead",IF(J11>=15,"High Priority",IF(J11>=7,"Medium Priority","Low Priority"))) -> Monitor / Maintain Lead | L11: =IF(K11="High Priority","Build Immediately - Critical Gap (NOW)",IF(K11="Medium Priority","Add to Next Roadmap Cycle (NEXT)",IF(K11="Low Priority","Monitor & Reassess Quarterly (LATER)","Maintain Current Position - Competitive Parity/Advantage"))) -> Maintain Current Position - Competitive Parity/Advantage
A12: Multi-Warehouse Visibility | B12: =INDEX(Benchmarking_Data!E:E,MATCH(A12,Benchmarking_Data!F:F,0)) -> Advanced Features | C12: =INDEX(Benchmarking_Data!I:I,MATCH(A12,Benchmarking_Data!F:F,0)) -> 0.5 | D12: =_xlfn.MAXIFS(Benchmarking_Data!J:J,Benchmarking_Data!F:F,A12) -> 1 | E12: =INDEX(Benchmarking_Data!K:K,MATCH(A12,Benchmarking_Data!F:F,0)) -> 4 | F12: =INDEX(Benchmarking_Data!L:L,MATCH(A12,Benchmarking_Data!F:F,0)) -> 3 | G12: =IF(D12>C12,"Gap","No Gap") -> Gap | H12: =(D12-C12)*E12 -> 2 | I12: =IF(G12="No Gap","Not Applicable",IF(B12="Core Features","Critical Gap",IF(B12="Advanced Features","Strategic Gap",IF(B12="AI Features","Innovation Gap",IF(B12="Integrations","Integration Gap",IF(B12="Mobile Experience","Customer Experience Gap",IF(B12="Security","Technology Gap",IF(B12="Automation","Technology Gap",IF(B12="Reporting & Analytics","Strategic Gap",IF(B12="Collaboration","Customer Experience Gap","Low-Priority Gap")))))))))) -> Strategic Gap | J12: =IF(H12>0,H12*F12,0) -> 6 | K12: =IF(G12="No Gap","Monitor / Maintain Lead",IF(J12>=15,"High Priority",IF(J12>=7,"Medium Priority","Low Priority"))) -> Low Priority | L12: =IF(K12="High Priority","Build Immediately - Critical Gap (NOW)",IF(K12="Medium Priority","Add to Next Roadmap Cycle (NEXT)",IF(K12="Low Priority","Monitor & Reassess Quarterly (LATER)","Maintain Current Position - Competitive Parity/Advantage"))) -> Monitor & Reassess Quarterly (LATER)
A13: Returns & Reverse Logistics Management | B13: =INDEX(Benchmarking_Data!E:E,MATCH(A13,Benchmarking_Data!F:F,0)) -> Advanced Features | C13: =INDEX(Benchmarking_Data!I:I,MATCH(A13,Benchmarking_Data!F:F,0)) -> 0 | D13: =_xlfn.MAXIFS(Benchmarking_Data!J:J,Benchmarking_Data!F:F,A13) -> 0.5 | E13: =INDEX(Benchmarking_Data!K:K,MATCH(A13,Benchmarking_Data!F:F,0)) -> 3 | F13: =INDEX(Benchmarking_Data!L:L,MATCH(A13,Benchmarking_Data!F:F,0)) -> 3 | G13: =IF(D13>C13,"Gap","No Gap") -> Gap | H13: =(D13-C13)*E13 -> 1.5 | I13: =IF(G13="No Gap","Not Applicable",IF(B13="Core Features","Critical Gap",IF(B13="Advanced Features","Strategic Gap",IF(B13="AI Features","Innovation Gap",IF(B13="Integrations","Integration Gap",IF(B13="Mobile Experience","Customer Experience Gap",IF(B13="Security","Technology Gap",IF(B13="Automation","Technology Gap",IF(B13="Reporting & Analytics","Strategic Gap",IF(B13="Collaboration","Customer Experience Gap","Low-Priority Gap")))))))))) -> Strategic Gap | J13: =IF(H13>0,H13*F13,0) -> 4.5 | K13: =IF(G13="No Gap","Monitor / Maintain Lead",IF(J13>=15,"High Priority",IF(J13>=7,"Medium Priority","Low Priority"))) -> Low Priority | L13: =IF(K13="High Priority","Build Immediately - Critical Gap (NOW)",IF(K13="Medium Priority","Add to Next Roadmap Cycle (NEXT)",IF(K13="Low Priority","Monitor & Reassess Quarterly (LATER)","Maintain Current Position - Competitive Parity/Advantage"))) -> Monitor & Reassess Quarterly (LATER)
A14: Cross-Border Customs Tracking | B14: =INDEX(Benchmarking_Data!E:E,MATCH(A14,Benchmarking_Data!F:F,0)) -> Advanced Features | C14: =INDEX(Benchmarking_Data!I:I,MATCH(A14,Benchmarking_Data!F:F,0)) -> 0 | D14: =_xlfn.MAXIFS(Benchmarking_Data!J:J,Benchmarking_Data!F:F,A14) -> 1 | E14: =INDEX(Benchmarking_Data!K:K,MATCH(A14,Benchmarking_Data!F:F,0)) -> 3 | F14: =INDEX(Benchmarking_Data!L:L,MATCH(A14,Benchmarking_Data!F:F,0)) -> 2 | G14: =IF(D14>C14,"Gap","No Gap") -> Gap | H14: =(D14-C14)*E14 -> 3 | I14: =IF(G14="No Gap","Not Applicable",IF(B14="Core Features","Critical Gap",IF(B14="Advanced Features","Strategic Gap",IF(B14="AI Features","Innovation Gap",IF(B14="Integrations","Integration Gap",IF(B14="Mobile Experience","Customer Experience Gap",IF(B14="Security","Technology Gap",IF(B14="Automation","Technology Gap",IF(B14="Reporting & Analytics","Strategic Gap",IF(B14="Collaboration","Customer Experience Gap","Low-Priority Gap")))))))))) -> Strategic Gap | J14: =IF(H14>0,H14*F14,0) -> 6 | K14: =IF(G14="No Gap","Monitor / Maintain Lead",IF(J14>=15,"High Priority",IF(J14>=7,"Medium Priority","Low Priority"))) -> Low Priority | L14: =IF(K14="High Priority","Build Immediately - Critical Gap (NOW)",IF(K14="Medium Priority","Add to Next Roadmap Cycle (NEXT)",IF(K14="Low Priority","Monitor & Reassess Quarterly (LATER)","Maintain Current Position - Competitive Parity/Advantage"))) -> Monitor & Reassess Quarterly (LATER)
A15: AI-Based Delay Root Cause Analysis | B15: =INDEX(Benchmarking_Data!E:E,MATCH(A15,Benchmarking_Data!F:F,0)) -> AI Features | C15: =INDEX(Benchmarking_Data!I:I,MATCH(A15,Benchmarking_Data!F:F,0)) -> 0 | D15: =_xlfn.MAXIFS(Benchmarking_Data!J:J,Benchmarking_Data!F:F,A15) -> 1 | E15: =INDEX(Benchmarking_Data!K:K,MATCH(A15,Benchmarking_Data!F:F,0)) -> 5 | F15: =INDEX(Benchmarking_Data!L:L,MATCH(A15,Benchmarking_Data!F:F,0)) -> 4 | G15: =IF(D15>C15,"Gap","No Gap") -> Gap | H15: =(D15-C15)*E15 -> 5 | I15: =IF(G15="No Gap","Not Applicable",IF(B15="Core Features","Critical Gap",IF(B15="Advanced Features","Strategic Gap",IF(B15="AI Features","Innovation Gap",IF(B15="Integrations","Integration Gap",IF(B15="Mobile Experience","Customer Experience Gap",IF(B15="Security","Technology Gap",IF(B15="Automation","Technology Gap",IF(B15="Reporting & Analytics","Strategic Gap",IF(B15="Collaboration","Customer Experience Gap","Low-Priority Gap")))))))))) -> Innovation Gap | J15: =IF(H15>0,H15*F15,0) -> 20 | K15: =IF(G15="No Gap","Monitor / Maintain Lead",IF(J15>=15,"High Priority",IF(J15>=7,"Medium Priority","Low Priority"))) -> High Priority | L15: =IF(K15="High Priority","Build Immediately - Critical Gap (NOW)",IF(K15="Medium Priority","Add to Next Roadmap Cycle (NEXT)",IF(K15="Low Priority","Monitor & Reassess Quarterly (LATER)","Maintain Current Position - Competitive Parity/Advantage"))) -> Build Immediately - Critical Gap (NOW)
A16: AI Chatbot for Customer Queries | B16: =INDEX(Benchmarking_Data!E:E,MATCH(A16,Benchmarking_Data!F:F,0)) -> AI Features | C16: =INDEX(Benchmarking_Data!I:I,MATCH(A16,Benchmarking_Data!F:F,0)) -> 0 | D16: =_xlfn.MAXIFS(Benchmarking_Data!J:J,Benchmarking_Data!F:F,A16) -> 1 | E16: =INDEX(Benchmarking_Data!K:K,MATCH(A16,Benchmarking_Data!F:F,0)) -> 3 | F16: =INDEX(Benchmarking_Data!L:L,MATCH(A16,Benchmarking_Data!F:F,0)) -> 3 | G16: =IF(D16>C16,"Gap","No Gap") -> Gap | H16: =(D16-C16)*E16 -> 3 | I16: =IF(G16="No Gap","Not Applicable",IF(B16="Core Features","Critical Gap",IF(B16="Advanced Features","Strategic Gap",IF(B16="AI Features","Innovation Gap",IF(B16="Integrations","Integration Gap",IF(B16="Mobile Experience","Customer Experience Gap",IF(B16="Security","Technology Gap",IF(B16="Automation","Technology Gap",IF(B16="Reporting & Analytics","Strategic Gap",IF(B16="Collaboration","Customer Experience Gap","Low-Priority Gap")))))))))) -> Innovation Gap | J16: =IF(H16>0,H16*F16,0) -> 9 | K16: =IF(G16="No Gap","Monitor / Maintain Lead",IF(J16>=15,"High Priority",IF(J16>=7,"Medium Priority","Low Priority"))) -> Medium Priority | L16: =IF(K16="High Priority","Build Immediately - Critical Gap (NOW)",IF(K16="Medium Priority","Add to Next Roadmap Cycle (NEXT)",IF(K16="Low Priority","Monitor & Reassess Quarterly (LATER)","Maintain Current Position - Competitive Parity/Advantage"))) -> Add to Next Roadmap Cycle (NEXT)
A17: Shipment Anomaly Detection | B17: =INDEX(Benchmarking_Data!E:E,MATCH(A17,Benchmarking_Data!F:F,0)) -> AI Features | C17: =INDEX(Benchmarking_Data!I:I,MATCH(A17,Benchmarking_Data!F:F,0)) -> 0.5 | D17: =_xlfn.MAXIFS(Benchmarking_Data!J:J,Benchmarking_Data!F:F,A17) -> 1 | E17: =INDEX(Benchmarking_Data!K:K,MATCH(A17,Benchmarking_Data!F:F,0)) -> 4 | F17: =INDEX(Benchmarking_Data!L:L,MATCH(A17,Benchmarking_Data!F:F,0)) -> 3 | G17: =IF(D17>C17,"Gap","No Gap") -> Gap | H17: =(D17-C17)*E17 -> 2 | I17: =IF(G17="No Gap","Not Applicable",IF(B17="Core Features","Critical Gap",IF(B17="Advanced Features","Strategic Gap",IF(B17="AI Features","Innovation Gap",IF(B17="Integrations","Integration Gap",IF(B17="Mobile Experience","Customer Experience Gap",IF(B17="Security","Technology Gap",IF(B17="Automation","Technology Gap",IF(B17="Reporting & Analytics","Strategic Gap",IF(B17="Collaboration","Customer Experience Gap","Low-Priority Gap")))))))))) -> Innovation Gap | J17: =IF(H17>0,H17*F17,0) -> 6 | K17: =IF(G17="No Gap","Monitor / Maintain Lead",IF(J17>=15,"High Priority",IF(J17>=7,"Medium Priority","Low Priority"))) -> Low Priority | L17: =IF(K17="High Priority","Build Immediately - Critical Gap (NOW)",IF(K17="Medium Priority","Add to Next Roadmap Cycle (NEXT)",IF(K17="Low Priority","Monitor & Reassess Quarterly (LATER)","Maintain Current Position - Competitive Parity/Advantage"))) -> Monitor & Reassess Quarterly (LATER)
A18: AI-Based Demand Forecasting | B18: =INDEX(Benchmarking_Data!E:E,MATCH(A18,Benchmarking_Data!F:F,0)) -> AI Features | C18: =INDEX(Benchmarking_Data!I:I,MATCH(A18,Benchmarking_Data!F:F,0)) -> 0 | D18: =_xlfn.MAXIFS(Benchmarking_Data!J:J,Benchmarking_Data!F:F,A18) -> 1 | E18: =INDEX(Benchmarking_Data!K:K,MATCH(A18,Benchmarking_Data!F:F,0)) -> 4 | F18: =INDEX(Benchmarking_Data!L:L,MATCH(A18,Benchmarking_Data!F:F,0)) -> 4 | G18: =IF(D18>C18,"Gap","No Gap") -> Gap | H18: =(D18-C18)*E18 -> 4 | I18: =IF(G18="No Gap","Not Applicable",IF(B18="Core Features","Critical Gap",IF(B18="Advanced Features","Strategic Gap",IF(B18="AI Features","Innovation Gap",IF(B18="Integrations","Integration Gap",IF(B18="Mobile Experience","Customer Experience Gap",IF(B18="Security","Technology Gap",IF(B18="Automation","Technology Gap",IF(B18="Reporting & Analytics","Strategic Gap",IF(B18="Collaboration","Customer Experience Gap","Low-Priority Gap")))))))))) -> Innovation Gap | J18: =IF(H18>0,H18*F18,0) -> 16 | K18: =IF(G18="No Gap","Monitor / Maintain Lead",IF(J18>=15,"High Priority",IF(J18>=7,"Medium Priority","Low Priority"))) -> High Priority | L18: =IF(K18="High Priority","Build Immediately - Critical Gap (NOW)",IF(K18="Medium Priority","Add to Next Roadmap Cycle (NEXT)",IF(K18="Low Priority","Monitor & Reassess Quarterly (LATER)","Maintain Current Position - Competitive Parity/Advantage"))) -> Build Immediately - Critical Gap (NOW)
A19: ERP Integration (SAP/Oracle) | B19: =INDEX(Benchmarking_Data!E:E,MATCH(A19,Benchmarking_Data!F:F,0)) -> Integrations | C19: =INDEX(Benchmarking_Data!I:I,MATCH(A19,Benchmarking_Data!F:F,0)) -> 1 | D19: =_xlfn.MAXIFS(Benchmarking_Data!J:J,Benchmarking_Data!F:F,A19) -> 1 | E19: =INDEX(Benchmarking_Data!K:K,MATCH(A19,Benchmarking_Data!F:F,0)) -> 5 | F19: =INDEX(Benchmarking_Data!L:L,MATCH(A19,Benchmarking_Data!F:F,0)) -> 4 | G19: =IF(D19>C19,"Gap","No Gap") -> No Gap | H19: =(D19-C19)*E19 -> 0 | I19: =IF(G19="No Gap","Not Applicable",IF(B19="Core Features","Critical Gap",IF(B19="Advanced Features","Strategic Gap",IF(B19="AI Features","Innovation Gap",IF(B19="Integrations","Integration Gap",IF(B19="Mobile Experience","Customer Experience Gap",IF(B19="Security","Technology Gap",IF(B19="Automation","Technology Gap",IF(B19="Reporting & Analytics","Strategic Gap",IF(B19="Collaboration","Customer Experience Gap","Low-Priority Gap")))))))))) -> Not Applicable | J19: =IF(H19>0,H19*F19,0) -> 0 | K19: =IF(G19="No Gap","Monitor / Maintain Lead",IF(J19>=15,"High Priority",IF(J19>=7,"Medium Priority","Low Priority"))) -> Monitor / Maintain Lead | L19: =IF(K19="High Priority","Build Immediately - Critical Gap (NOW)",IF(K19="Medium Priority","Add to Next Roadmap Cycle (NEXT)",IF(K19="Low Priority","Monitor & Reassess Quarterly (LATER)","Maintain Current Position - Competitive Parity/Advantage"))) -> Maintain Current Position - Competitive Parity/Advantage
... A36: Custom Dashboard Builder | B36: =INDEX(Benchmarking_Data!E:E,MATCH(A36,Benchmarking_Data!F:F,0)) -> Customization | C36: =INDEX(Benchmarking_Data!I:I,MATCH(A36,Benchmarking_Data!F:F,0)) -> 0.5 | D36: =_xlfn.MAXIFS(Benchmarking_Data!J:J,Benchmarking_Data!F:F,A36) -> 1 | E36: =INDEX(Benchmarking_Data!K:K,MATCH(A36,Benchmarking_Data!F:F,0)) -> 3 | F36: =INDEX(Benchmarking_Data!L:L,MATCH(A36,Benchmarking_Data!F:F,0)) -> 3 | G36: =IF(D36>C36,"Gap","No Gap") -> Gap | H36: =(D36-C36)*E36 -> 1.5 | I36: =IF(G36="No Gap","Not Applicable",IF(B36="Core Features","Critical Gap",IF(B36="Advanced Features","Strategic Gap",IF(B36="AI Features","Innovation Gap",IF(B36="Integrations","Integration Gap",IF(B36="Mobile Experience","Customer Experience Gap",IF(B36="Security","Technology Gap",IF(B36="Automation","Technology Gap",IF(B36="Reporting & Analytics","Strategic Gap",IF(B36="Collaboration","Customer Experience Gap","Low-Priority Gap")))))))))) -> Low-Priority Gap | J36: =IF(H36>0,H36*F36,0) -> 4.5 | K36: =IF(G36="No Gap","Monitor / Maintain Lead",IF(J36>=15,"High Priority",IF(J36>=7,"Medium Priority","Low Priority"))) -> Low Priority | L36: =IF(K36="High Priority","Build Immediately - Critical Gap (NOW)",IF(K36="Medium Priority","Add to Next Roadmap Cycle (NEXT)",IF(K36="Low Priority","Monitor & Reassess Quarterly (LATER)","Maintain Current Position - Competitive Parity/Advantage"))) -> Monitor & Reassess Quarterly (LATER)
